_back,_rand,_degree,_adpDegree,_FD,_MS,_PR,_DND,_Core
0.994,0.994,0.994,0.994,0.994,0.994,0.994,0.994,0.994
0.993,0.993,0.993,0.993,0.993,0.993,0.993,0.993,0.993
0.992,0.992,0.992,0.992,0.992,0.992,0.992,0.992,0.992
0.991,0.991,0.991,0.991,0.991,0.991,0.991,0.991,0.991
0.99,0.99,0.99,0.99,0.99,0.99,0.99,0.99,0.99
0.989,0.989,0.983,0.983,0.989,0.989,0.988,0.989,0.983
0.943,0.988,0.96,0.958,0.988,0.988,0.987,0.988,0.958
0.942,0.987,0.958,0.958,0.987,0.986,0.986,0.987,0.958
0.941,0.986,0.945,0.945,0.986,0.985,0.985,0.986,0.945
0.94,0.985,0.944,0.944,0.985,0.984,0.982,0.985,0.944
0.939,0.985,0.943,0.943,0.984,0.983,0.981,0.984,0.943
0.938,0.984,0.942,0.942,0.983,0.982,0.98,0.983,0.942
0.937,0.983,0.942,0.941,0.982,0.981,0.979,0.982,0.941
0.936,0.982,0.904,0.94,0.981,0.98,0.978,0.981,0.94
0.935,0.981,0.903,0.939,0.98,0.979,0.976,0.98,0.939
0.934,0.98,0.902,0.938,0.979,0.978,0.97,0.979,0.938
0.933,0.979,0.902,0.938,0.978,0.977,0.965,0.978,0.938
0.933,0.978,0.786,0.937,0.977,0.976,0.964,0.977,0.937
0.932,0.977,0.786,0.936,0.976,0.975,0.962,0.976,0.936
0.931,0.976,0.786,0.936,0.975,0.974,0.961,0.975,0.936
0.93,0.975,0.785,0.935,0.974,0.973,0.958,0.974,0.935
0.929,0.974,0.784,0.934,0.973,0.972,0.953,0.973,0.934
0.928,0.973,0.784,0.933,0.972,0.971,0.951,0.972,0.933
0.927,0.972,0.782,0.895,0.971,0.97,0.95,0.971,0.895
0.926,0.971,0.782,0.894,0.97,0.969,0.949,0.97,0.894
0.925,0.97,0.782,0.894,0.969,0.968,0.944,0.969,0.894
0.924,0.969,0.782,0.894,0.968,0.967,0.941,0.968,0.894
0.923,0.968,0.782,0.893,0.967,0.966,0.941,0.967,0.893
0.922,0.967,0.781,0.892,0.966,0.965,0.934,0.966,0.892
0.921,0.966,0.781,0.775,0.965,0.964,0.929,0.965,0.775
0.92,0.965,0.78,0.774,0.964,0.963,0.928,0.964,0.774
0.919,0.964,0.779,0.774,0.963,0.962,0.926,0.963,0.774
0.918,0.963,0.779,0.773,0.961,0.961,0.924,0.962,0.773
0.917,0.962,0.779,0.773,0.96,0.96,0.924,0.961,0.773
0.916,0.961,0.779,0.773,0.959,0.959,0.921,0.96,0.773
0.915,0.96,0.778,0.773,0.958,0.958,0.92,0.959,0.773
0.914,0.959,0.778,0.773,0.957,0.957,0.918,0.958,0.773
0.913,0.958,0.778,0.773,0.956,0.956,0.918,0.957,0.773
0.912,0.957,0.778,0.773,0.955,0.955,0.914,0.956,0.773
0.911,0.956,0.778,0.773,0.954,0.954,0.913,0.955,0.773
0.91,0.955,0.778,0.772,0.953,0.953,0.91,0.953,0.772
0.909,0.954,0.777,0.772,0.952,0.952,0.905,0.952,0.772
0.908,0.953,0.777,0.772,0.951,0.951,0.904,0.949,0.772
0.905,0.952,0.777,0.771,0.95,0.95,0.904,0.948,0.771
0.904,0.951,0.776,0.77,0.949,0.949,0.895,0.947,0.77
0.903,0.95,0.776,0.769,0.948,0.948,0.895,0.944,0.769
0.902,0.949,0.776,0.769,0.947,0.947,0.894,0.939,0.769
0.901,0.948,0.775,0.769,0.946,0.946,0.887,0.937,0.769
0.9,0.947,0.775,0.768,0.945,0.942,0.886,0.936,0.768
0.899,0.946,0.775,0.767,0.944,0.941,0.883,0.935,0.767
0.899,0.945,0.774,0.766,0.943,0.94,0.883,0.934,0.766
0.898,0.944,0.774,0.765,0.942,0.939,0.874,0.933,0.765
0.897,0.943,0.773,0.764,0.941,0.938,0.873,0.932,0.764
0.896,0.942,0.773,0.764,0.939,0.937,0.871,0.931,0.764
0.895,0.941,0.772,0.763,0.938,0.934,0.862,0.926,0.763
0.894,0.94,0.772,0.763,0.937,0.933,0.862,0.925,0.763
0.893,0.939,0.772,0.763,0.936,0.932,0.862,0.924,0.763
0.892,0.938,0.772,0.762,0.935,0.931,0.861,0.923,0.762
0.89,0.937,0.772,0.761,0.934,0.928,0.859,0.922,0.761
0.889,0.936,0.772,0.76,0.933,0.927,0.859,0.918,0.76
0.888,0.935,0.772,0.759,0.932,0.926,0.858,0.916,0.759
0.884,0.934,0.771,0.759,0.931,0.923,0.847,0.915,0.759
0.883,0.933,0.771,0.759,0.93,0.922,0.847,0.911,0.759
0.714,0.932,0.77,0.758,0.929,0.921,0.847,0.91,0.758
0.713,0.931,0.769,0.757,0.928,0.92,0.838,0.909,0.757
0.712,0.93,0.768,0.756,0.927,0.919,0.838,0.904,0.756
0.705,0.928,0.768,0.756,0.926,0.917,0.838,0.903,0.756
0.703,0.927,0.767,0.756,0.923,0.915,0.836,0.902,0.756
0.702,0.926,0.766,0.755,0.922,0.913,0.836,0.901,0.755
0.7,0.925,0.766,0.755,0.92,0.912,0.824,0.9,0.755
0.699,0.924,0.765,0.754,0.919,0.91,0.824,0.899,0.754
0.698,0.923,0.765,0.753,0.918,0.909,0.822,0.898,0.753
0.697,0.922,0.765,0.752,0.917,0.908,0.822,0.891,0.752
0.696,0.921,0.765,0.751,0.916,0.906,0.818,0.89,0.751
0.688,0.92,0.765,0.75,0.915,0.905,0.807,0.889,0.75
0.687,0.919,0.764,0.749,0.914,0.904,0.806,0.888,0.749
0.686,0.918,0.764,0.748,0.913,0.903,0.805,0.887,0.748
0.685,0.917,0.764,0.748,0.912,0.899,0.805,0.886,0.748
0.684,0.916,0.764,0.748,0.911,0.898,0.805,0.881,0.748
0.683,0.915,0.764,0.748,0.91,0.897,0.805,0.88,0.748
0.682,0.914,0.763,0.746,0.91,0.896,0.805,0.879,0.746
0.681,0.913,0.763,0.745,0.909,0.895,0.805,0.878,0.745
0.68,0.912,0.763,0.744,0.908,0.89,0.795,0.877,0.744
0.679,0.911,0.762,0.743,0.907,0.889,0.795,0.876,0.743
0.678,0.91,0.762,0.742,0.906,0.888,0.795,0.875,0.742
0.672,0.909,0.762,0.742,0.905,0.887,0.795,0.874,0.742
0.671,0.908,0.762,0.742,0.904,0.886,0.795,0.873,0.742
0.67,0.907,0.762,0.742,0.903,0.882,0.795,0.872,0.742
0.669,0.906,0.761,0.74,0.902,0.881,0.795,0.868,0.74
0.668,0.905,0.761,0.739,0.901,0.877,0.787,0.867,0.739
0.667,0.904,0.76,0.739,0.9,0.875,0.787,0.866,0.739
0.666,0.903,0.76,0.738,0.899,0.873,0.785,0.865,0.738
0.657,0.902,0.76,0.737,0.898,0.872,0.775,0.849,0.737
0.651,0.901,0.76,0.736,0.897,0.871,0.774,0.846,0.736
0.65,0.9,0.76,0.735,0.896,0.87,0.774,0.846,0.735
0.65,0.899,0.759,0.735,0.895,0.869,0.774,0.845,0.735
0.649,0.898,0.759,0.734,0.894,0.868,0.755,0.844,0.734
0.648,0.897,0.758,0.733,0.893,0.867,0.755,0.844,0.733
0.647,0.896,0.758,0.732,0.892,0.866,0.755,0.843,0.732
0.645,0.895,0.757,0.731,0.891,0.865,0.755,0.842,0.731
0.644,0.894,0.756,0.729,0.89,0.864,0.755,0.839,0.729
0.638,0.893,0.756,0.728,0.889,0.863,0.755,0.839,0.728
0.637,0.892,0.756,0.727,0.888,0.862,0.74,0.838,0.727
0.634,0.891,0.755,0.727,0.887,0.861,0.74,0.834,0.727
0.63,0.89,0.755,0.727,0.886,0.86,0.74,0.826,0.727
0.629,0.889,0.754,0.726,0.885,0.859,0.74,0.825,0.726
0.616,0.888,0.754,0.725,0.884,0.858,0.726,0.824,0.725
0.607,0.887,0.753,0.724,0.883,0.857,0.726,0.82,0.724
0.606,0.886,0.752,0.723,0.882,0.856,0.726,0.82,0.723
0.604,0.885,0.752,0.722,0.881,0.855,0.726,0.813,0.722
0.596,0.884,0.752,0.721,0.88,0.854,0.726,0.812,0.721
0.595,0.883,0.751,0.721,0.879,0.853,0.725,0.812,0.721
0.594,0.882,0.751,0.72,0.878,0.852,0.725,0.811,0.72
0.593,0.881,0.751,0.72,0.877,0.851,0.725,0.81,0.72
0.592,0.88,0.751,0.719,0.876,0.849,0.724,0.809,0.719
0.588,0.879,0.745,0.718,0.875,0.848,0.718,0.809,0.718
0.586,0.878,0.745,0.717,0.874,0.847,0.702,0.808,0.717
0.585,0.877,0.745,0.716,0.873,0.846,0.698,0.795,0.716
0.583,0.876,0.745,0.715,0.872,0.845,0.698,0.794,0.715
0.582,0.875,0.745,0.714,0.871,0.844,0.698,0.793,0.714
0.576,0.874,0.745,0.714,0.87,0.843,0.692,0.788,0.714
0.573,0.873,0.745,0.714,0.869,0.842,0.691,0.787,0.714
0.573,0.872,0.744,0.713,0.868,0.841,0.691,0.786,0.713
0.573,0.871,0.744,0.712,0.867,0.84,0.684,0.781,0.712
0.572,0.87,0.743,0.711,0.866,0.839,0.684,0.779,0.711
0.571,0.869,0.743,0.711,0.865,0.838,0.684,0.779,0.711
0.569,0.868,0.743,0.711,0.864,0.837,0.683,0.778,0.711
0.568,0.867,0.743,0.711,0.863,0.836,0.683,0.766,0.711
0.33,0.866,0.743,0.707,0.862,0.835,0.683,0.765,0.707
0.33,0.865,0.743,0.707,0.861,0.834,0.683,0.763,0.707
0.324,0.864,0.743,0.705,0.86,0.833,0.683,0.748,0.705
0.323,0.863,0.742,0.704,0.859,0.832,0.683,0.747,0.704
0.323,0.862,0.741,0.703,0.858,0.83,0.683,0.747,0.703
0.321,0.861,0.741,0.702,0.857,0.829,0.683,0.747,0.702
0.318,0.86,0.741,0.701,0.856,0.825,0.682,0.744,0.701
0.318,0.859,0.741,0.7,0.855,0.823,0.676,0.74,0.7
0.317,0.858,0.741,0.699,0.854,0.822,0.676,0.738,0.699
0.316,0.856,0.741,0.699,0.852,0.819,0.673,0.737,0.699
0.316,0.855,0.741,0.695,0.851,0.818,0.673,0.737,0.695
0.316,0.855,0.74,0.695,0.85,0.817,0.673,0.737,0.695
0.309,0.853,0.739,0.695,0.849,0.816,0.673,0.736,0.695
0.308,0.852,0.739,0.695,0.848,0.815,0.673,0.735,0.695
0.308,0.851,0.738,0.694,0.847,0.814,0.673,0.735,0.694
0.308,0.85,0.737,0.693,0.846,0.813,0.673,0.735,0.693
0.308,0.849,0.736,0.692,0.844,0.811,0.673,0.733,0.692
0.305,0.848,0.736,0.691,0.843,0.81,0.656,0.732,0.691
0.276,0.847,0.736,0.691,0.842,0.809,0.656,0.732,0.691
0.266,0.846,0.736,0.69,0.841,0.808,0.656,0.731,0.69
0.266,0.845,0.736,0.69,0.84,0.807,0.627,0.73,0.69
0.266,0.844,0.736,0.689,0.838,0.806,0.627,0.729,0.689
0.266,0.843,0.736,0.688,0.837,0.805,0.627,0.729,0.688
0.26,0.841,0.736,0.687,0.836,0.804,0.613,0.728,0.687
0.26,0.84,0.736,0.686,0.835,0.803,0.613,0.728,0.686
0.26,0.839,0.735,0.685,0.834,0.802,0.613,0.724,0.685
0.26,0.838,0.735,0.684,0.833,0.798,0.612,0.722,0.684
0.256,0.837,0.734,0.683,0.832,0.797,0.608,0.721,0.683
0.256,0.836,0.733,0.682,0.831,0.796,0.608,0.721,0.682
0.256,0.835,0.733,0.681,0.83,0.792,0.608,0.72,0.681
0.256,0.834,0.732,0.679,0.829,0.79,0.608,0.719,0.679
0.243,0.833,0.732,0.678,0.828,0.789,0.608,0.713,0.678
0.203,0.832,0.731,0.677,0.827,0.785,0.608,0.712,0.677
0.202,0.831,0.731,0.676,0.826,0.784,0.608,0.712,0.676
0.202,0.83,0.73,0.675,0.824,0.783,0.608,0.711,0.675
0.202,0.829,0.729,0.67,0.823,0.782,0.608,0.71,0.67
0.202,0.828,0.72,0.669,0.822,0.781,0.608,0.706,0.669
0.201,0.827,0.72,0.669,0.665,0.78,0.608,0.702,0.669
0.201,0.826,0.719,0.668,0.665,0.779,0.608,0.701,0.668
0.201,0.825,0.718,0.667,0.664,0.778,0.608,0.7,0.667
0.199,0.824,0.718,0.666,0.663,0.775,0.391,0.693,0.666
0.194,0.823,0.718,0.665,0.661,0.774,0.391,0.692,0.665
0.193,0.822,0.718,0.665,0.66,0.773,0.391,0.691,0.665
0.185,0.821,0.718,0.664,0.659,0.77,0.391,0.689,0.664
0.185,0.82,0.717,0.663,0.658,0.767,0.391,0.688,0.663
0.184,0.819,0.717,0.662,0.653,0.766,0.391,0.687,0.662
0.184,0.818,0.717,0.661,0.648,0.765,0.391,0.686,0.661
0.174,0.817,0.717,0.66,0.645,0.758,0.391,0.685,0.66
0.174,0.816,0.717,0.66,0.644,0.757,0.391,0.684,0.66
0.174,0.815,0.717,0.66,0.637,0.756,0.391,0.683,0.66
0.174,0.814,0.716,0.659,0.636,0.755,0.388,0.682,0.659
0.158,0.813,0.716,0.657,0.635,0.753,0.388,0.68,0.657
0.158,0.812,0.715,0.656,0.634,0.751,0.388,0.679,0.656
0.158,0.811,0.714,0.655,0.631,0.75,0.388,0.679,0.655
0.158,0.81,0.713,0.654,0.63,0.749,0.388,0.677,0.654
0.158,0.809,0.713,0.653,0.629,0.748,0.388,0.676,0.653
0.158,0.808,0.712,0.652,0.628,0.746,0.388,0.676,0.652
0.156,0.807,0.711,0.651,0.627,0.745,0.388,0.67,0.651
0.145,0.807,0.71,0.65,0.625,0.744,0.388,0.67,0.65
0.144,0.806,0.709,0.649,0.624,0.742,0.388,0.669,0.649
0.144,0.805,0.708,0.648,0.623,0.74,0.388,0.667,0.648
0.127,0.804,0.707,0.647,0.613,0.739,0.388,0.666,0.647
0.127,0.801,0.706,0.646,0.612,0.738,0.388,0.665,0.646
0.123,0.8,0.706,0.645,0.611,0.736,0.385,0.664,0.645
0.123,0.799,0.706,0.644,0.609,0.592,0.384,0.663,0.644
0.119,0.798,0.705,0.642,0.584,0.591,0.38,0.662,0.642
0.119,0.797,0.705,0.637,0.584,0.59,0.377,0.661,0.637
0.119,0.796,0.705,0.633,0.581,0.588,0.376,0.661,0.633
0.118,0.795,0.705,0.632,0.581,0.588,0.376,0.66,0.632
0.118,0.794,0.705,0.631,0.58,0.587,0.376,0.659,0.631
0.118,0.793,0.703,0.63,0.579,0.587,0.376,0.658,0.63
0.118,0.792,0.703,0.628,0.567,0.585,0.376,0.657,0.628
0.118,0.791,0.703,0.627,0.566,0.572,0.372,0.655,0.627
0.118,0.79,0.703,0.625,0.561,0.572,0.372,0.652,0.625
0.118,0.789,0.701,0.625,0.556,0.565,0.372,0.651,0.625
0.118,0.788,0.7,0.624,0.555,0.563,0.371,0.65,0.624
0.118,0.787,0.7,0.623,0.549,0.563,0.371,0.65,0.623
0.118,0.786,0.7,0.622,0.538,0.563,0.365,0.65,0.622
0.118,0.785,0.699,0.621,0.537,0.562,0.365,0.646,0.621
0.118,0.784,0.697,0.619,0.533,0.562,0.365,0.645,0.619
0.117,0.783,0.697,0.617,0.532,0.559,0.365,0.644,0.617
0.117,0.782,0.697,0.616,0.531,0.552,0.362,0.641,0.616
0.117,0.781,0.697,0.616,0.531,0.552,0.358,0.64,0.616
0.117,0.78,0.696,0.615,0.531,0.552,0.358,0.638,0.615
0.117,0.779,0.696,0.614,0.53,0.552,0.358,0.635,0.614
0.117,0.778,0.696,0.612,0.494,0.548,0.358,0.634,0.612
0.117,0.777,0.696,0.611,0.493,0.547,0.358,0.631,0.611
0.117,0.776,0.696,0.61,0.482,0.539,0.358,0.628,0.61
0.117,0.775,0.695,0.607,0.48,0.538,0.354,0.627,0.607
0.117,0.774,0.694,0.606,0.478,0.537,0.353,0.627,0.606
0.117,0.773,0.693,0.605,0.478,0.533,0.353,0.627,0.605
0.117,0.772,0.692,0.604,0.473,0.532,0.352,0.626,0.604
0.113,0.769,0.691,0.601,0.473,0.532,0.349,0.625,0.601
0.113,0.768,0.69,0.592,0.473,0.532,0.349,0.621,0.592
0.113,0.767,0.69,0.592,0.472,0.53,0.335,0.621,0.592
0.113,0.766,0.69,0.591,0.464,0.53,0.335,0.621,0.591
0.113,0.765,0.69,0.59,0.464,0.527,0.333,0.621,0.59
0.112,0.764,0.689,0.589,0.464,0.523,0.333,0.62,0.589
0.109,0.763,0.689,0.588,0.461,0.523,0.332,0.618,0.588
0.109,0.762,0.689,0.586,0.461,0.519,0.332,0.618,0.586
0.107,0.761,0.688,0.583,0.456,0.519,0.332,0.618,0.583
0.107,0.759,0.687,0.582,0.456,0.519,0.327,0.617,0.582
0.107,0.758,0.686,0.582,0.42,0.51,0.327,0.617,0.582
0.107,0.756,0.686,0.58,0.42,0.51,0.327,0.617,0.58
0.107,0.755,0.685,0.579,0.42,0.51,0.327,0.616,0.579
0.107,0.582,0.684,0.578,0.42,0.509,0.327,0.615,0.578
0.107,0.581,0.683,0.577,0.419,0.509,0.327,0.615,0.577
0.106,0.579,0.683,0.576,0.418,0.509,0.327,0.614,0.576
0.106,0.578,0.683,0.575,0.418,0.508,0.326,0.613,0.575
0.1,0.571,0.683,0.575,0.417,0.507,0.325,0.596,0.575
0.098,0.57,0.683,0.574,0.415,0.506,0.324,0.596,0.574
0.089,0.569,0.681,0.574,0.415,0.505,0.324,0.596,0.574
0.089,0.567,0.681,0.573,0.415,0.504,0.321,0.595,0.573
0.089,0.566,0.68,0.572,0.415,0.496,0.312,0.594,0.572
0.089,0.566,0.679,0.571,0.409,0.495,0.312,0.591,0.571
0.089,0.565,0.677,0.57,0.408,0.495,0.312,0.59,0.57
0.085,0.564,0.677,0.569,0.408,0.492,0.311,0.588,0.569
0.085,0.563,0.676,0.566,0.408,0.492,0.311,0.586,0.566
0.085,0.563,0.675,0.565,0.408,0.482,0.308,0.585,0.565
0.085,0.562,0.674,0.564,0.408,0.477,0.308,0.585,0.564
0.083,0.561,0.673,0.563,0.408,0.475,0.308,0.583,0.563
0.083,0.56,0.672,0.561,0.408,0.466,0.308,0.583,0.561
0.083,0.559,0.671,0.555,0.408,0.466,0.308,0.583,0.555
0.081,0.559,0.671,0.554,0.405,0.465,0.303,0.582,0.554
0.081,0.555,0.67,0.554,0.4,0.462,0.303,0.582,0.554
0.081,0.554,0.669,0.552,0.4,0.462,0.287,0.579,0.552
0.081,0.553,0.668,0.551,0.396,0.443,0.287,0.571,0.551
0.081,0.552,0.668,0.55,0.396,0.443,0.287,0.571,0.55
0.079,0.551,0.668,0.549,0.396,0.443,0.287,0.57,0.549
0.079,0.55,0.668,0.546,0.396,0.441,0.287,0.566,0.546
0.079,0.55,0.667,0.545,0.395,0.425,0.284,0.563,0.545
0.079,0.549,0.666,0.54,0.395,0.421,0.284,0.563,0.54
0.079,0.546,0.666,0.539,0.391,0.42,0.284,0.562,0.539
0.079,0.544,0.664,0.538,0.38,0.42,0.284,0.562,0.538
0.079,0.544,0.663,0.537,0.379,0.42,0.277,0.562,0.537
0.058,0.543,0.661,0.535,0.379,0.42,0.277,0.561,0.535
0.058,0.542,0.66,0.531,0.379,0.419,0.277,0.554,0.531
0.058,0.541,0.659,0.531,0.367,0.417,0.277,0.553,0.531
0.058,0.541,0.659,0.528,0.367,0.417,0.277,0.549,0.528
0.058,0.54,0.658,0.526,0.365,0.417,0.277,0.548,0.526
0.058,0.539,0.657,0.524,0.362,0.417,0.277,0.547,0.524
0.058,0.538,0.656,0.524,0.362,0.417,0.277,0.547,0.524
0.058,0.537,0.655,0.523,0.361,0.413,0.277,0.546,0.523
0.058,0.536,0.655,0.523,0.355,0.406,0.277,0.538,0.523
0.058,0.535,0.655,0.52,0.355,0.406,0.277,0.537,0.52
0.058,0.523,0.655,0.519,0.355,0.402,0.272,0.53,0.519
0.052,0.522,0.654,0.518,0.355,0.396,0.272,0.53,0.518
0.052,0.517,0.654,0.516,0.342,0.395,0.272,0.519,0.516
0.052,0.517,0.653,0.515,0.342,0.392,0.27,0.517,0.515
0.052,0.516,0.651,0.513,0.342,0.39,0.235,0.514,0.513
0.052,0.515,0.65,0.511,0.342,0.388,0.231,0.512,0.511
0.052,0.515,0.65,0.486,0.342,0.388,0.226,0.512,0.486
0.052,0.515,0.649,0.483,0.341,0.386,0.226,0.51,0.483
0.052,0.515,0.648,0.482,0.338,0.384,0.226,0.51,0.482
0.052,0.514,0.647,0.472,0.305,0.381,0.225,0.508,0.472
0.052,0.513,0.647,0.472,0.305,0.38,0.225,0.508,0.472
0.052,0.512,0.646,0.462,0.303,0.377,0.225,0.507,0.462
0.048,0.51,0.646,0.445,0.272,0.374,0.223,0.506,0.445
0.048,0.509,0.646,0.444,0.272,0.371,0.223,0.501,0.444
0.048,0.507,0.646,0.444,0.271,0.369,0.223,0.5,0.444
0.048,0.507,0.645,0.441,0.271,0.361,0.212,0.498,0.441
0.048,0.506,0.644,0.441,0.264,0.36,0.212,0.491,0.441
0.048,0.506,0.644,0.441,0.264,0.36,0.212,0.485,0.441
0.032,0.505,0.643,0.44,0.261,0.355,0.212,0.484,0.44
0.032,0.505,0.643,0.438,0.261,0.354,0.212,0.483,0.438
0.032,0.505,0.641,0.424,0.261,0.353,0.212,0.482,0.424
0.025,0.504,0.641,0.422,0.261,0.352,0.212,0.482,0.422
0.025,0.504,0.641,0.421,0.261,0.352,0.212,0.481,0.421
0.025,0.503,0.641,0.421,0.259,0.346,0.212,0.481,0.421
0.025,0.503,0.641,0.421,0.259,0.345,0.212,0.48,0.421
0.025,0.502,0.641,0.42,0.259,0.316,0.212,0.48,0.42
0.025,0.501,0.641,0.419,0.259,0.315,0.212,0.477,0.419
0.025,0.499,0.641,0.413,0.259,0.315,0.212,0.476,0.413
0.025,0.498,0.64,0.412,0.259,0.314,0.212,0.476,0.412
0.025,0.498,0.639,0.411,0.252,0.307,0.209,0.474,0.411
0.025,0.497,0.639,0.411,0.251,0.307,0.205,0.474,0.41
0.025,0.496,0.638,0.41,0.249,0.302,0.205,0.474,0.41
0.025,0.496,0.637,0.41,0.243,0.302,0.202,0.474,0.409
0.025,0.495,0.637,0.409,0.243,0.298,0.202,0.474,0.403
0.025,0.494,0.636,0.403,0.243,0.288,0.202,0.474,0.39
0.025,0.494,0.635,0.39,0.243,0.265,0.202,0.474,0.389
0.025,0.489,0.634,0.389,0.243,0.259,0.202,0.474,0.386
0.025,0.488,0.633,0.386,0.242,0.257,0.202,0.474,0.382
0.025,0.488,0.632,0.382,0.242,0.257,0.202,0.474,0.382
0.025,0.487,0.631,0.382,0.242,0.256,0.202,0.474,0.375
0.025,0.487,0.631,0.375,0.242,0.256,0.202,0.474,0.375
0.025,0.486,0.63,0.375,0.242,0.235,0.198,0.474,0.375
0.025,0.486,0.63,0.375,0.241,0.235,0.198,0.474,0.366
0.025,0.483,0.629,0.366,0.241,0.234,0.197,0.473,0.36
0.025,0.482,0.628,0.36,0.239,0.234,0.197,0.472,0.357
0.025,0.481,0.627,0.357,0.236,0.234,0.195,0.472,0.354
0.025,0.478,0.627,0.354,0.235,0.234,0.193,0.472,0.354
0.025,0.474,0.627,0.354,0.235,0.234,0.193,0.472,0.354
0.025,0.474,0.626,0.354,0.233,0.225,0.186,0.472,0.353
0.025,0.474,0.625,0.353,0.233,0.225,0.186,0.471,0.313
0.025,0.473,0.625,0.313,0.232,0.225,0.186,0.469,0.31
0.025,0.471,0.624,0.31,0.23,0.225,0.184,0.469,0.31
0.025,0.471,0.623,0.31,0.23,0.223,0.184,0.469,0.304
0.025,0.47,0.622,0.304,0.23,0.223,0.184,0.464,0.304
0.001,0.465,0.621,0.304,0.23,0.223,0.184,0.464,0.288
0.001,0.463,0.621,0.3,0.23,0.223,0.184,0.464,0.288
0.001,0.462,0.621,0.284,0.227,0.223,0.181,0.462,0.288
0.001,0.462,0.62,0.284,0.227,0.214,0.181,0.462,0.269
0.001,0.462,0.62,0.284,0.227,0.214,0.178,0.458,0.25
0.001,0.46,0.619,0.264,0.223,0.214,0.178,0.457,0.25
0.001,0.459,0.619,0.245,0.221,0.213,0.176,0.457,0.23
0.001,0.459,0.618,0.245,0.221,0.213,0.174,0.454,0.23
0.001,0.459,0.617,0.226,0.221,0.213,0.174,0.453,0.23
0.001,0.458,0.616,0.226,0.22,0.211,0.174,0.449,0.23
0.001,0.458,0.616,0.226,0.219,0.211,0.174,0.449,0.23
0.001,0.457,0.614,0.226,0.219,0.211,0.174,0.449,0.23
0.001,0.457,0.612,0.226,0.211,0.21,0.174,0.446,0.228
0.001,0.455,0.61,0.226,0.211,0.21,0.174,0.445,0.228
0.001,0.453,0.61,0.226,0.187,0.21,0.174,0.443,0.226
0.001,0.452,0.61,0.224,0.187,0.21,0.174,0.441,0.222
0.001,0.451,0.61,0.224,0.187,0.21,0.174,0.441,0.218
0.001,0.45,0.609,0.224,0.187,0.208,0.174,0.441,0.202
0.001,0.446,0.607,0.222,0.187,0.205,0.174,0.437,0.201
0.001,0.445,0.607,0.218,0.187,0.205,0.174,0.437,0.2
0.001,0.445,0.607,0.214,0.187,0.2,0.174,0.434,0.194
0.001,0.444,0.607,0.198,0.187,0.197,0.174,0.434,0.194
0.001,0.444,0.606,0.197,0.187,0.197,0.174,0.434,0.193
0.001,0.443,0.605,0.196,0.182,0.197,0.174,0.433,0.192
0.001,0.442,0.604,0.19,0.181,0.193,0.171,0.43,0.192
0.001,0.441,0.603,0.19,0.178,0.191,0.171,0.429,0.183
0.001,0.441,0.602,0.189,0.176,0.19,0.171,0.415,0.18
0.001,0.441,0.602,0.188,0.176,0.189,0.171,0.415,0.175
0.001,0.441,0.601,0.188,0.176,0.184,0.161,0.415,0.164
0.001,0.441,0.6,0.179,0.175,0.183,0.161,0.335,0.157
0.001,0.44,0.599,0.176,0.173,0.172,0.161,0.324,0.157
0.001,0.439,0.598,0.171,0.172,0.171,0.161,0.324,0.157
0.001,0.429,0.598,0.16,0.171,0.148,0.161,0.324,0.155
0.001,0.429,0.598,0.153,0.171,0.148,0.161,0.315,0.155
0.001,0.428,0.598,0.153,0.17,0.148,0.121,0.315,0.155
0.001,0.426,0.598,0.153,0.168,0.148,0.121,0.315,0.153
0.001,0.424,0.596,0.153,0.168,0.148,0.121,0.315,0.152
0.001,0.423,0.594,0.151,0.158,0.148,0.121,0.315,0.149
0.001,0.422,0.592,0.151,0.158,0.146,0.121,0.315,0.149
0.001,0.422,0.589,0.151,0.158,0.144,0.121,0.315,0.149
0.001,0.421,0.589,0.151,0.158,0.144,0.121,0.315,0.149
0.001,0.42,0.588,0.149,0.158,0.144,0.121,0.315,0.147
0.001,0.419,0.588,0.148,0.156,0.144,0.121,0.315,0.12
0.001,0.417,0.586,0.145,0.156,0.125,0.116,0.315,0.12
0.001,0.416,0.586,0.145,0.156,0.118,0.116,0.315,0.12
0.001,0.413,0.586,0.145,0.156,0.118,0.116,0.313,0.12
0.001,0.409,0.584,0.145,0.156,0.118,0.116,0.313,0.12
0.001,0.407,0.584,0.143,0.156,0.118,0.116,0.313,0.12
0.001,0.406,0.584,0.116,0.156,0.112,0.116,0.308,0.116
0.001,0.406,0.583,0.116,0.156,0.112,0.116,0.308,0.116
0.001,0.402,0.583,0.116,0.156,0.104,0.116,0.308,0.116
0.001,0.402,0.583,0.116,0.156,0.104,0.116,0.308,0.116
0.001,0.4,0.582,0.116,0.156,0.096,0.116,0.308,0.116
0.001,0.399,0.581,0.116,0.156,0.096,0.116,0.308,0.116
0.001,0.399,0.581,0.116,0.156,0.096,0.116,0.308,0.115
0.001,0.398,0.581,0.116,0.068,0.094,0.116,0.308,0.114
0.001,0.395,0.581,0.116,0.068,0.094,0.115,0.308,0.108
0.001,0.394,0.58,0.116,0.068,0.08,0.115,0.308,0.108
0.001,0.393,0.578,0.116,0.068,0.043,0.115,0.308,0.108
0.001,0.392,0.578,0.116,0.068,0.043,0.115,0.308,0.106
0.001,0.392,0.577,0.115,0.068,0.043,0.104,0.308,0.102
0.001,0.392,0.577,0.114,0.068,0.043,0.104,0.303,0.063
0.001,0.391,0.577,0.108,0.067,0.043,0.104,0.303,0.063
0.001,0.391,0.575,0.108,0.062,0.043,0.104,0.302,0.063
0.001,0.388,0.574,0.108,0.056,0.043,0.104,0.302,0.063
0.001,0.388,0.573,0.106,0.056,0.043,0.104,0.302,0.063
0.001,0.386,0.572,0.102,0.056,0.042,0.104,0.198,0.063
0.001,0.386,0.572,0.063,0.056,0.042,0.104,0.198,0.063
0.001,0.385,0.571,0.063,0.051,0.042,0.104,0.198,0.063
0.001,0.384,0.57,0.063,0.051,0.041,0.104,0.198,0.063
0.001,0.384,0.57,0.063,0.051,0.041,0.104,0.198,0.063
0.001,0.384,0.567,0.063,0.051,0.041,0.104,0.198,0.055
0.001,0.382,0.567,0.063,0.051,0.038,0.104,0.198,0.052
0.001,0.381,0.567,0.063,0.051,0.038,0.104,0.198,0.048
0.001,0.381,0.567,0.055,0.051,0.038,0.104,0.198,0.038
0.001,0.381,0.566,0.055,0.051,0.038,0.104,0.198,0.038
0.001,0.38,0.565,0.055,0.051,0.038,0.104,0.198,0.038
0.001,0.379,0.564,0.055,0.051,0.038,0.104,0.198,0.038
0.001,0.363,0.563,0.055,0.051,0.038,0.104,0.198,0.038
0.001,0.363,0.562,0.055,0.051,0.038,0.104,0.198,0.038
0.001,0.362,0.561,0.047,0.051,0.038,0.104,0.198,0.038
0.001,0.36,0.56,0.044,0.051,0.038,0.104,0.198,0.038
0.001,0.36,0.559,0.04,0.051,0.038,0.104,0.198,0.038
0.001,0.36,0.558,0.03,0.051,0.038,0.104,0.198,0.038
0.001,0.356,0.557,0.03,0.051,0.038,0.104,0.198,0.038
0.001,0.355,0.556,0.03,0.051,0.038,0.101,0.198,0.035
0.001,0.355,0.555,0.03,0.051,0.036,0.101,0.196,0.035
0.001,0.355,0.553,0.03,0.014,0.036,0.101,0.196,0.001
0.001,0.355,0.552,0.03,0.014,0.036,0.101,0.196,0.001
0.001,0.355,0.552,0.03,0.014,0.036,0.088,0.196,0.001
0.001,0.354,0.55,0.03,0.014,0.036,0.088,0.196,0.001
0.001,0.354,0.548,0.03,0.014,0.036,0.088,0.196,0.001
0.001,0.35,0.539,0.03,0.014,0.025,0.088,0.196,0.001
0.001,0.35,0.539,0.03,0.013,0.025,0.088,0.18,0.001
0.001,0.35,0.538,0.001,0.013,0.025,0.088,0.18,0.001
0.001,0.348,0.537,0.001,0.013,0.025,0.085,0.18,0.001
0.001,0.346,0.534,0.001,0.013,0.025,0.085,0.18,0.001
0.001,0.345,0.529,0.001,0.013,0.025,0.083,0.18,0.001
0.001,0.344,0.529,0.001,0.013,0.025,0.083,0.18,0.001
0.001,0.344,0.529,0.001,0.013,0.025,0.083,0.18,0.001
0.001,0.343,0.529,0.001,0.013,0.025,0.083,0.18,0.001
0.001,0.342,0.529,0.001,0.013,0.025,0.083,0.18,0.001
0.001,0.341,0.529,0.001,0.013,0.025,0.083,0.18,0.001
0.001,0.34,0.529,0.001,0.013,0.025,0.083,0.18,0.001
0.001,0.34,0.529,0.001,0.013,0.025,0.083,0.18,0.001
0.001,0.34,0.529,0.001,0.013,0.025,0.083,0.18,0.001
0.001,0.34,0.528,0.001,0.013,0.025,0.083,0.18,0.001
0.001,0.323,0.527,0.001,0.013,0.025,0.083,0.18,0.001
0.001,0.322,0.527,0.001,0.013,0.025,0.083,0.18,0.001
0.001,0.321,0.525,0.001,0.013,0.025,0.083,0.18,0.001
0.001,0.321,0.524,0.001,0.013,0.025,0.083,0.18,0.001
0.001,0.321,0.523,0.001,0.013,0.025,0.083,0.18,0.001
0.001,0.319,0.522,0.001,0.013,0.025,0.083,0.18,0.001
0.001,0.318,0.521,0.001,0.013,0.025,0.083,0.18,0.001
0.001,0.318,0.52,0.001,0.013,0.025,0.083,0.18,0.001
0.001,0.317,0.52,0.001,0.013,0.025,0.083,0.171,0.001
0.001,0.315,0.518,0.001,0.013,0.025,0.083,0.171,0.001
0.001,0.314,0.518,0.001,0.013,0.025,0.083,0.171,0.001
0.001,0.312,0.518,0.001,0.013,0.025,0.083,0.171,0.001
0.001,0.312,0.517,0.001,0.013,0.025,0.083,0.171,0.001
0.001,0.311,0.516,0.001,0.012,0.025,0.083,0.171,0.001
0.001,0.31,0.515,0.001,0.006,0.022,0.083,0.171,0.001
0.001,0.309,0.514,0.001,0.006,0.022,0.083,0.171,0.001
0.001,0.308,0.513,0.001,0.006,0.022,0.083,0.171,0.001
0.001,0.307,0.513,0.001,0.006,0.021,0.083,0.171,0.001
0.001,0.307,0.513,0.001,0.006,0.021,0.083,0.171,0.001
0.001,0.306,0.513,0.001,0.006,0.021,0.083,0.171,0.001
0.001,0.305,0.512,0.001,0.006,0.021,0.083,0.171,0.001
0.001,0.305,0.511,0.001,0.006,0.021,0.079,0.171,0.001
0.001,0.305,0.51,0.001,0.006,0.021,0.031,0.171,0.001
0.001,0.304,0.509,0.001,0.006,0.021,0.031,0.171,0.001
0.001,0.301,0.508,0.001,0.006,0.021,0.031,0.171,0.001
0.001,0.301,0.507,0.001,0.006,0.021,0.031,0.171,0.001
0.001,0.301,0.506,0.001,0.006,0.021,0.031,0.171,0.001
0.001,0.301,0.504,0.001,0.006,0.021,0.031,0.171,0.001
0.001,0.301,0.504,0.001,0.006,0.021,0.031,0.171,0.001
0.001,0.296,0.504,0.001,0.006,0.021,0.031,0.171,0.001
0.001,0.296,0.502,0.001,0.006,0.021,0.031,0.171,0.001
0.001,0.296,0.501,0.001,0.006,0.021,0.031,0.171,0.001
0.001,0.296,0.5,0.001,0.006,0.021,0.031,0.171,0.001
0.001,0.296,0.499,0.001,0.006,0.021,0.031,0.171,0.001
0.001,0.296,0.498,0.001,0.006,0.021,0.031,0.171,0.001
0.001,0.296,0.497,0.001,0.006,0.021,0.031,0.171,0.001
0.001,0.292,0.496,0.001,0.006,0.021,0.031,0.171,0.001
0.001,0.282,0.495,0.001,0.006,0.021,0.031,0.171,0.001
0.001,0.282,0.494,0.001,0.006,0.021,0.031,0.171,0.001
0.001,0.282,0.493,0.001,0.006,0.021,0.031,0.171,0.001
0.001,0.282,0.492,0.001,0.006,0.021,0.031,0.171,0.001
0.001,0.279,0.491,0.001,0.006,0.021,0.031,0.171,0.001
0.001,0.279,0.49,0.001,0.006,0.021,0.031,0.171,0.001
0.001,0.279,0.489,0.001,0.006,0.021,0.031,0.171,0.001
0.001,0.276,0.488,0.001,0.006,0.021,0.031,0.171,0.001
0.001,0.276,0.487,0.001,0.006,0.021,0.031,0.171,0.001
0.001,0.275,0.486,0.001,0.006,0.021,0.031,0.171,0.001
0.001,0.275,0.484,0.001,0.006,0.021,0.031,0.171,0.001
0.001,0.273,0.483,0.001,0.006,0.021,0.031,0.171,0.001
0.001,0.271,0.482,0.001,0.006,0.021,0.031,0.171,0.001
0.001,0.27,0.481,0.001,0.006,0.021,0.031,0.171,0.001
0.001,0.27,0.48,0.001,0.006,0.021,0.031,0.171,0.001
0.001,0.27,0.478,0.001,0.006,0.021,0.031,0.171,0.001
0.001,0.265,0.477,0.001,0.006,0.021,0.031,0.125,0.001
0.001,0.265,0.475,0.001,0.006,0.021,0.031,0.125,0.001
0.001,0.265,0.474,0.001,0.006,0.021,0.031,0.125,0.001
0.001,0.235,0.473,0.001,0.006,0.021,0.031,0.125,0.001
0.001,0.233,0.472,0.001,0.006,0.021,0.031,0.125,0.001
0.001,0.233,0.471,0.001,0.006,0.021,0.031,0.125,0.001
0.001,0.229,0.47,0.001,0.006,0.021,0.031,0.125,0.001
0.001,0.229,0.469,0.001,0.006,0.021,0.031,0.125,0.001
0.001,0.229,0.467,0.001,0.006,0.021,0.031,0.125,0.001
0.001,0.228,0.467,0.001,0.006,0.021,0.031,0.125,0.001
0.001,0.227,0.466,0.001,0.006,0.021,0.031,0.125,0.001
0.001,0.224,0.465,0.001,0.006,0.021,0.031,0.125,0.001
0.001,0.223,0.463,0.001,0.006,0.021,0.031,0.125,0.001
0.001,0.222,0.462,0.001,0.006,0.021,0.031,0.125,0.001
0.001,0.222,0.462,0.001,0.006,0.021,0.031,0.125,0.001
0.001,0.222,0.461,0.001,0.006,0.021,0.031,0.125,0.001
0.001,0.222,0.459,0.001,0.003,0.021,0.031,0.125,0.001
0.001,0.222,0.458,0.001,0.003,0.021,0.031,0.125,0.001
0.001,0.222,0.456,0.001,0.003,0.021,0.031,0.125,0.001
0.001,0.222,0.455,0.001,0.003,0.021,0.031,0.125,0.001
0.001,0.221,0.454,0.001,0.003,0.021,0.031,0.125,0.001
0.001,0.215,0.453,0.001,0.003,0.021,0.031,0.125,0.001
0.001,0.214,0.452,0.001,0.003,0.021,0.031,0.125,0.001
0.001,0.214,0.45,0.001,0.003,0.021,0.031,0.125,0.001
0.001,0.207,0.449,0.001,0.003,0.021,0.031,0.125,0.001
0.001,0.203,0.448,0.001,0.003,0.021,0.031,0.124,0.001
0.001,0.203,0.447,0.001,0.003,0.012,0.031,0.124,0.001
0.001,0.203,0.446,0.001,0.001,0.012,0.031,0.124,0.001
0.001,0.203,0.445,0.001,0.001,0.012,0.031,0.124,0.001
0.001,0.203,0.444,0.001,0.001,0.012,0.031,0.124,0.001
0.001,0.203,0.443,0.001,0.001,0.012,0.031,0.124,0.001
0.001,0.193,0.442,0.001,0.001,0.012,0.031,0.124,0.001
0.001,0.192,0.441,0.001,0.001,0.012,0.031,0.124,0.001
0.001,0.191,0.439,0.001,0.001,0.012,0.031,0.124,0.001
0.001,0.191,0.438,0.001,0.001,0.012,0.031,0.124,0.001
0.001,0.191,0.437,0.001,0.001,0.012,0.031,0.124,0.001
0.001,0.191,0.436,0.001,0.001,0.012,0.031,0.124,0.001
0.001,0.191,0.435,0.001,0.001,0.012,0.031,0.124,0.001
0.001,0.19,0.434,0.001,0.001,0.012,0.031,0.124,0.001
0.001,0.187,0.434,0.001,0.001,0.012,0.031,0.124,0.001
0.001,0.186,0.433,0.001,0.001,0.012,0.031,0.124,0.001
0.001,0.184,0.432,0.001,0.001,0.012,0.031,0.124,0.001
0.001,0.184,0.431,0.001,0.001,0.012,0.031,0.124,0.001
0.001,0.184,0.43,0.001,0.001,0.012,0.031,0.124,0.001
0.001,0.182,0.429,0.001,0.001,0.012,0.031,0.124,0.001
0.001,0.182,0.428,0.001,0.001,0.012,0.031,0.124,0.001
0.001,0.182,0.427,0.001,0.001,0.012,0.031,0.124,0.001
0.001,0.181,0.423,0.001,0.001,0.012,0.031,0.124,0.001
0.001,0.181,0.421,0.001,0.001,0.012,0.031,0.124,0.001
0.001,0.178,0.42,0.001,0.001,0.012,0.031,0.124,0.001
0.001,0.178,0.419,0.001,0.001,0.012,0.031,0.124,0.001
0.001,0.178,0.418,0.001,0.001,0.012,0.031,0.124,0.001
0.001,0.177,0.416,0.001,0.001,0.012,0.031,0.124,0.001
0.001,0.176,0.416,0.001,0.001,0.012,0.031,0.124,0.001
0.001,0.176,0.415,0.001,0.001,0.012,0.031,0.124,0.001
0.001,0.174,0.414,0.001,0.001,0.012,0.031,0.124,0.001
0.001,0.158,0.413,0.001,0.001,0.012,0.031,0.124,0.001
0.001,0.157,0.404,0.001,0.001,0.012,0.031,0.124,0.001
0.001,0.157,0.404,0.001,0.001,0.012,0.031,0.124,0.001
0.001,0.157,0.403,0.001,0.001,0.012,0.031,0.124,0.001
0.001,0.157,0.403,0.001,0.001,0.012,0.031,0.124,0.001
0.001,0.157,0.403,0.001,0.001,0.012,0.031,0.124,0.001
0.001,0.157,0.402,0.001,0.001,0.012,0.031,0.124,0.001
0.001,0.157,0.398,0.001,0.001,0.012,0.031,0.124,0.001
0.001,0.157,0.397,0.001,0.001,0.012,0.031,0.124,0.001
0.001,0.157,0.397,0.001,0.001,0.012,0.031,0.124,0.001
0.001,0.157,0.396,0.001,0.001,0.012,0.031,0.124,0.001
0.001,0.157,0.395,0.001,0.001,0.012,0.031,0.124,0.001
0.001,0.157,0.394,0.001,0.001,0.011,0.031,0.124,0.001
0.001,0.157,0.394,0.001,0.001,0.011,0.031,0.124,0.001
0.001,0.157,0.393,0.001,0.001,0.011,0.031,0.124,0.001
0.001,0.157,0.349,0.001,0.001,0.011,0.031,0.124,0.001
0.001,0.155,0.347,0.001,0.001,0.011,0.031,0.124,0.001
0.001,0.15,0.346,0.001,0.001,0.011,0.031,0.124,0.001
0.001,0.149,0.346,0.001,0.001,0.011,0.031,0.124,0.001
0.001,0.149,0.345,0.001,0.001,0.011,0.031,0.124,0.001
0.001,0.149,0.344,0.001,0.001,0.011,0.031,0.124,0.001
0.001,0.149,0.342,0.001,0.001,0.011,0.031,0.124,0.001
0.001,0.149,0.342,0.001,0.001,0.011,0.031,0.124,0.001
0.001,0.147,0.34,0.001,0.001,0.011,0.031,0.124,0.001
0.001,0.147,0.34,0.001,0.001,0.011,0.031,0.124,0.001
0.001,0.147,0.33,0.001,0.001,0.011,0.031,0.124,0.001
0.001,0.147,0.33,0.001,0.001,0.011,0.031,0.124,0.001
0.001,0.147,0.329,0.001,0.001,0.011,0.031,0.104,0.001
0.001,0.141,0.329,0.001,0.001,0.011,0.031,0.104,0.001
0.001,0.141,0.329,0.001,0.001,0.011,0.031,0.104,0.001
0.001,0.141,0.328,0.001,0.001,0.011,0.031,0.104,0.001
0.001,0.141,0.328,0.001,0.001,0.011,0.031,0.104,0.001
0.001,0.141,0.328,0.001,0.001,0.011,0.031,0.104,0.001
0.001,0.14,0.328,0.001,0.001,0.011,0.031,0.104,0.001
0.001,0.14,0.328,0.001,0.001,0.011,0.031,0.104,0.001
0.001,0.139,0.328,0.001,0.001,0.011,0.031,0.104,0.001
0.001,0.139,0.328,0.001,0.001,0.011,0.031,0.104,0.001
0.001,0.139,0.328,0.001,0.001,0.011,0.031,0.104,0.001
0.001,0.139,0.328,0.001,0.001,0.011,0.031,0.104,0.001
0.001,0.135,0.328,0.001,0.001,0.011,0.031,0.103,0.001
0.001,0.132,0.328,0.001,0.001,0.011,0.031,0.103,0.001
0.001,0.131,0.328,0.001,0.001,0.011,0.031,0.103,0.001
0.001,0.131,0.328,0.001,0.001,0.011,0.031,0.103,0.001
0.001,0.131,0.328,0.001,0.001,0.011,0.031,0.103,0.001
0.001,0.131,0.326,0.001,0.001,0.011,0.031,0.103,0.001
0.001,0.131,0.325,0.001,0.001,0.011,0.031,0.103,0.001
0.001,0.131,0.323,0.001,0.001,0.011,0.031,0.103,0.001
0.001,0.131,0.323,0.001,0.001,0.011,0.031,0.103,0.001
0.001,0.123,0.322,0.001,0.001,0.011,0.031,0.103,0.001
0.001,0.122,0.322,0.001,0.001,0.011,0.031,0.103,0.001
0.001,0.122,0.31,0.001,0.001,0.011,0.031,0.103,0.001
0.001,0.122,0.31,0.001,0.001,0.011,0.031,0.103,0.001
0.001,0.122,0.309,0.001,0.001,0.011,0.031,0.103,0.001
0.001,0.118,0.309,0.001,0.001,0.011,0.031,0.103,0.001
0.001,0.118,0.309,0.001,0.001,0.011,0.031,0.103,0.001
0.001,0.086,0.29,0.001,0.001,0.011,0.031,0.103,0.001
0.001,0.086,0.288,0.001,0.001,0.006,0.031,0.103,0.001
0.001,0.086,0.288,0.001,0.001,0.006,0.031,0.103,0.001
0.001,0.086,0.288,0.001,0.001,0.006,0.031,0.103,0.001
0.001,0.082,0.288,0.001,0.001,0.006,0.031,0.103,0.001
0.001,0.082,0.287,0.001,0.001,0.006,0.031,0.103,0.001
0.001,0.082,0.287,0.001,0.001,0.006,0.031,0.103,0.001
0.001,0.082,0.285,0.001,0.001,0.006,0.031,0.103,0.001
0.001,0.082,0.284,0.001,0.001,0.006,0.031,0.103,0.001
0.001,0.082,0.284,0.001,0.001,0.006,0.031,0.103,0.001
0.001,0.082,0.284,0.001,0.001,0.006,0.031,0.103,0.001
0.001,0.033,0.282,0.001,0.001,0.006,0.031,0.103,0.001
0.001,0.033,0.273,0.001,0.001,0.006,0.031,0.103,0.001
0.001,0.033,0.272,0.001,0.001,0.006,0.031,0.103,0.001
0.001,0.033,0.27,0.001,0.001,0.006,0.031,0.103,0.001
0.001,0.033,0.268,0.001,0.001,0.006,0.031,0.103,0.001
0.001,0.033,0.266,0.001,0.001,0.006,0.031,0.103,0.001
0.001,0.033,0.265,0.001,0.001,0.006,0.031,0.103,0.001
0.001,0.025,0.263,0.001,0.001,0.006,0.031,0.103,0.001
0.001,0.025,0.253,0.001,0.001,0.006,0.031,0.103,0.001
0.001,0.025,0.253,0.001,0.001,0.006,0.031,0.103,0.001
0.001,0.025,0.253,0.001,0.001,0.006,0.031,0.103,0.001
0.001,0.025,0.253,0.001,0.001,0.006,0.031,0.103,0.001
0.001,0.025,0.251,0.001,0.001,0.006,0.031,0.103,0.001
0.001,0.025,0.249,0.001,0.001,0.006,0.031,0.103,0.001
0.001,0.025,0.242,0.001,0.001,0.006,0.031,0.103,0.001
0.001,0.025,0.237,0.001,0.001,0.006,0.031,0.103,0.001
0.001,0.025,0.236,0.001,0.001,0.006,0.031,0.103,0.001
0.001,0.025,0.234,0.001,0.001,0.006,0.031,0.103,0.001
0.001,0.025,0.234,0.001,0.001,0.006,0.031,0.103,0.001
0.001,0.025,0.234,0.001,0.001,0.006,0.031,0.103,0.001
0.001,0.025,0.234,0.001,0.001,0.006,0.031,0.103,0.001
0.001,0.025,0.233,0.001,0.001,0.006,0.031,0.103,0.001
0.001,0.025,0.232,0.001,0.001,0.006,0.031,0.103,0.001
0.001,0.025,0.229,0.001,0.001,0.006,0.031,0.103,0.001
0.001,0.025,0.22,0.001,0.001,0.006,0.031,0.103,0.001
0.001,0.025,0.22,0.001,0.001,0.006,0.031,0.103,0.001
0.001,0.025,0.207,0.001,0.001,0.006,0.031,0.103,0.001
0.001,0.025,0.206,0.001,0.001,0.006,0.031,0.103,0.001
0.001,0.02,0.206,0.001,0.001,0.006,0.031,0.103,0.001
0.001,0.02,0.205,0.001,0.001,0.006,0.031,0.103,0.001
0.001,0.02,0.205,0.001,0.001,0.006,0.031,0.103,0.001
0.001,0.02,0.205,0.001,0.001,0.006,0.031,0.103,0.001
0.001,0.02,0.205,0.001,0.001,0.006,0.031,0.103,0.001
0.001,0.004,0.204,0.001,0.001,0.006,0.031,0.103,0.001
0.001,0.004,0.184,0.001,0.001,0.006,0.031,0.103,0.001
0.001,0.004,0.182,0.001,0.001,0.006,0.031,0.103,0.001
0.001,0.004,0.12,0.001,0.001,0.006,0.031,0.103,0.001
0.001,0.004,0.12,0.001,0.001,0.006,0.031,0.103,0.001
0.001,0.004,0.12,0.001,0.001,0.006,0.031,0.103,0.001
0.001,0.004,0.12,0.001,0.001,0.006,0.031,0.103,0.001
0.001,0.004,0.12,0.001,0.001,0.006,0.031,0.103,0.001
0.001,0.004,0.12,0.001,0.001,0.006,0.031,0.103,0.001
0.001,0.004,0.12,0.001,0.001,0.006,0.031,0.103,0.001
0.001,0.004,0.12,0.001,0.001,0.006,0.031,0.103,0.001
0.001,0.004,0.12,0.001,0.001,0.006,0.031,0.103,0.001
0.001,0.004,0.12,0.001,0.001,0.006,0.031,0.103,0.001
0.001,0.004,0.12,0.001,0.001,0.006,0.031,0.103,0.001
0.001,0.004,0.12,0.001,0.001,0.006,0.031,0.103,0.001
0.001,0.004,0.12,0.001,0.001,0.006,0.031,0.103,0.001
0.001,0.004,0.12,0.001,0.001,0.006,0.031,0.103,0.001
0.001,0.004,0.12,0.001,0.001,0.006,0.031,0.103,0.001
0.001,0.004,0.12,0.001,0.001,0.006,0.031,0.103,0.001
0.001,0.004,0.12,0.001,0.001,0.006,0.031,0.103,0.001
0.001,0.003,0.12,0.001,0.001,0.006,0.031,0.103,0.001
0.001,0.003,0.12,0.001,0.001,0.006,0.031,0.103,0.001
0.001,0.003,0.12,0.001,0.001,0.006,0.031,0.103,0.001
0.001,0.003,0.12,0.001,0.001,0.006,0.031,0.103,0.001
0.001,0.003,0.12,0.001,0.001,0.006,0.031,0.103,0.001
0.001,0.003,0.12,0.001,0.001,0.006,0.019,0.103,0.001
0.001,0.003,0.12,0.001,0.001,0.006,0.019,0.103,0.001
0.001,0.003,0.12,0.001,0.001,0.006,0.019,0.103,0.001
0.001,0.003,0.118,0.001,0.001,0.006,0.019,0.103,0.001
0.001,0.003,0.108,0.001,0.001,0.006,0.019,0.103,0.001
0.001,0.003,0.108,0.001,0.001,0.006,0.019,0.103,0.001
0.001,0.003,0.106,0.001,0.001,0.006,0.019,0.103,0.001
0.001,0.003,0.106,0.001,0.001,0.006,0.019,0.103,0.001
0.001,0.003,0.096,0.001,0.001,0.006,0.019,0.103,0.001
0.001,0.003,0.096,0.001,0.001,0.006,0.019,0.103,0.001
0.001,0.003,0.096,0.001,0.001,0.006,0.019,0.103,0.001
0.001,0.003,0.096,0.001,0.001,0.006,0.019,0.103,0.001
0.001,0.003,0.096,0.001,0.001,0.006,0.019,0.103,0.001
0.001,0.003,0.096,0.001,0.001,0.006,0.019,0.103,0.001
0.001,0.003,0.096,0.001,0.001,0.006,0.019,0.103,0.001
0.001,0.003,0.08,0.001,0.001,0.006,0.019,0.103,0.001
0.001,0.003,0.08,0.001,0.001,0.006,0.019,0.103,0.001
0.001,0.003,0.079,0.001,0.001,0.006,0.019,0.103,0.001
0.001,0.003,0.078,0.001,0.001,0.006,0.019,0.103,0.001
0.001,0.003,0.078,0.001,0.001,0.006,0.019,0.103,0.001
0.001,0.003,0.077,0.001,0.001,0.006,0.019,0.103,0.001
0.001,0.003,0.062,0.001,0.001,0.006,0.019,0.103,0.001
0.001,0.003,0.062,0.001,0.001,0.006,0.019,0.103,0.001
0.001,0.003,0.062,0.001,0.001,0.006,0.019,0.103,0.001
0.001,0.003,0.062,0.001,0.001,0.006,0.019,0.103,0.001
0.001,0.003,0.062,0.001,0.001,0.006,0.019,0.101,0.001
0.001,0.003,0.062,0.001,0.001,0.006,0.019,0.101,0.001
0.001,0.003,0.062,0.001,0.001,0.006,0.019,0.101,0.001
0.001,0.003,0.062,0.001,0.001,0.006,0.019,0.101,0.001
0.001,0.003,0.062,0.001,0.001,0.006,0.019,0.101,0.001
0.001,0.003,0.062,0.001,0.001,0.006,0.019,0.101,0.001
0.001,0.003,0.062,0.001,0.001,0.006,0.019,0.101,0.001
0.001,0.003,0.062,0.001,0.001,0.006,0.019,0.101,0.001
0.001,0.003,0.062,0.001,0.001,0.006,0.019,0.101,0.001
0.001,0.003,0.062,0.001,0.001,0.006,0.019,0.101,0.001
0.001,0.003,0.062,0.001,0.001,0.006,0.019,0.101,0.001
0.001,0.003,0.062,0.001,0.001,0.006,0.019,0.101,0.001
0.001,0.003,0.062,0.001,0.001,0.006,0.019,0.101,0.001
0.001,0.003,0.062,0.001,0.001,0.006,0.019,0.101,0.001
0.001,0.003,0.062,0.001,0.001,0.006,0.019,0.101,0.001
0.001,0.003,0.06,0.001,0.001,0.006,0.019,0.101,0.001
0.001,0.003,0.036,0.001,0.001,0.006,0.019,0.101,0.001
0.001,0.003,0.036,0.001,0.001,0.006,0.019,0.101,0.001
0.001,0.003,0.036,0.001,0.001,0.006,0.019,0.101,0.001
0.001,0.003,0.003,0.001,0.001,0.006,0.019,0.101,0.001
0.001,0.003,0.003,0.001,0.001,0.006,0.019,0.101,0.001
0.001,0.003,0.003,0.001,0.001,0.006,0.019,0.101,0.001
0.001,0.003,0.003,0.001,0.001,0.006,0.019,0.101,0.001
0.001,0.003,0.003,0.001,0.001,0.006,0.019,0.098,0.001
0.001,0.003,0.003,0.001,0.001,0.006,0.019,0.054,0.001
0.001,0.003,0.003,0.001,0.001,0.006,0.019,0.054,0.001
0.001,0.003,0.003,0.001,0.001,0.006,0.019,0.054,0.001
0.001,0.003,0.003,0.001,0.001,0.006,0.019,0.054,0.001
0.001,0.003,0.003,0.001,0.001,0.006,0.019,0.054,0.001
0.001,0.003,0.003,0.001,0.001,0.006,0.019,0.054,0.001
0.001,0.003,0.003,0.001,0.001,0.006,0.019,0.054,0.001
0.001,0.003,0.003,0.001,0.001,0.006,0.019,0.054,0.001
0.001,0.003,0.003,0.001,0.001,0.006,0.019,0.054,0.001
0.001,0.003,0.003,0.001,0.001,0.006,0.019,0.054,0.001
0.001,0.003,0.003,0.001,0.001,0.006,0.019,0.054,0.001
0.001,0.003,0.003,0.001,0.001,0.006,0.019,0.054,0.001
0.001,0.003,0.003,0.001,0.001,0.006,0.019,0.054,0.001
0.001,0.003,0.003,0.001,0.001,0.006,0.019,0.054,0.001
0.001,0.003,0.003,0.001,0.001,0.006,0.019,0.054,0.001
0.001,0.003,0.003,0.001,0.001,0.006,0.019,0.054,0.001
0.001,0.003,0.003,0.001,0.001,0.006,0.019,0.054,0.001
0.001,0.003,0.003,0.001,0.001,0.006,0.019,0.054,0.001
0.001,0.003,0.003,0.001,0.001,0.006,0.019,0.054,0.001
0.001,0.003,0.003,0.001,0.001,0.006,0.019,0.054,0.001
0.001,0.003,0.003,0.001,0.001,0.006,0.019,0.054,0.001
0.001,0.003,0.003,0.001,0.001,0.006,0.016,0.054,0.001
0.001,0.003,0.003,0.001,0.001,0.006,0.016,0.054,0.001
0.001,0.003,0.003,0.001,0.001,0.006,0.016,0.054,0.001
0.001,0.003,0.003,0.001,0.001,0.006,0.016,0.054,0.001
0.001,0.003,0.003,0.001,0.001,0.006,0.016,0.054,0.001
0.001,0.003,0.003,0.001,0.001,0.006,0.016,0.054,0.001
0.001,0.003,0.003,0.001,0.001,0.006,0.016,0.054,0.001
0.001,0.003,0.003,0.001,0.001,0.006,0.016,0.054,0.001
0.001,0.003,0.003,0.001,0.001,0.006,0.016,0.054,0.001
0.001,0.003,0.003,0.001,0.001,0.006,0.016,0.054,0.001
0.001,0.003,0.003,0.001,0.001,0.006,0.016,0.054,0.001
0.001,0.003,0.003,0.001,0.001,0.006,0.016,0.054,0.001
0.001,0.003,0.003,0.001,0.001,0.006,0.016,0.054,0.001
0.001,0.003,0.003,0.001,0.001,0.006,0.016,0.054,0.001
0.001,0.003,0.003,0.001,0.001,0.006,0.016,0.054,0.001
0.001,0.003,0.003,0.001,0.001,0.006,0.016,0.054,0.001
0.001,0.003,0.003,0.001,0.001,0.006,0.016,0.054,0.001
0.001,0.003,0.003,0.001,0.001,0.006,0.016,0.054,0.001
0.001,0.003,0.003,0.001,0.001,0.006,0.016,0.054,0.001
0.001,0.003,0.003,0.001,0.001,0.006,0.016,0.054,0.001
0.001,0.003,0.003,0.001,0.001,0.006,0.016,0.054,0.001
0.001,0.003,0.003,0.001,0.001,0.006,0.016,0.054,0.001
0.001,0.003,0.003,0.001,0.001,0.006,0.016,0.054,0.001
0.001,0.003,0.003,0.001,0.001,0.006,0.016,0.054,0.001
0.001,0.003,0.003,0.001,0.001,0.006,0.016,0.054,0.001
0.001,0.003,0.003,0.001,0.001,0.006,0.016,0.054,0.001
0.001,0.003,0.003,0.001,0.001,0.006,0.016,0.054,0.001
0.001,0.003,0.003,0.001,0.001,0.006,0.016,0.054,0.001
0.001,0.003,0.003,0.001,0.001,0.006,0.016,0.054,0.001
0.001,0.003,0.003,0.001,0.001,0.006,0.016,0.054,0.001
0.001,0.003,0.003,0.001,0.001,0.006,0.016,0.054,0.001
0.001,0.003,0.003,0.001,0.001,0.006,0.016,0.054,0.001
0.001,0.003,0.003,0.001,0.001,0.006,0.016,0.054,0.001
0.001,0.003,0.003,0.001,0.001,0.006,0.016,0.054,0.001
0.001,0.003,0.003,0.001,0.001,0.006,0.016,0.054,0.001
0.001,0.003,0.003,0.001,0.001,0.006,0.016,0.054,0.001
0.001,0.003,0.003,0.001,0.001,0.006,0.016,0.054,0.001
0.001,0.003,0.003,0.001,0.001,0.006,0.016,0.054,0.001
0.001,0.003,0.003,0.001,0.001,0.006,0.016,0.054,0.001
0.001,0.003,0.003,0.001,0.001,0.006,0.016,0.054,0.001
0.001,0.003,0.003,0.001,0.001,0.006,0.016,0.054,0.001
0.001,0.003,0.003,0.001,0.001,0.006,0.014,0.054,0.001
0.001,0.003,0.003,0.001,0.001,0.006,0.014,0.054,0.001
0.001,0.003,0.003,0.001,0.001,0.006,0.014,0.054,0.001
0.001,0.003,0.003,0.001,0.001,0.006,0.014,0.054,0.001
0.001,0.003,0.003,0.001,0.001,0.006,0.014,0.054,0.001
0.001,0.003,0.003,0.001,0.001,0.006,0.014,0.054,0.001
0.001,0.003,0.003,0.001,0.001,0.006,0.012,0.054,0.001
0.001,0.003,0.003,0.001,0.001,0.006,0.012,0.054,0.001
0.001,0.002,0.003,0.001,0.001,0.006,0.012,0.054,0.001
0.001,0.002,0.003,0.001,0.001,0.006,0.012,0.054,0.001
0.001,0.002,0.003,0.001,0.001,0.006,0.012,0.054,0.001
0.001,0.002,0.003,0.001,0.001,0.006,0.012,0.054,0.001
0.001,0.002,0.003,0.001,0.001,0.006,0.012,0.054,0.001
0.001,0.002,0.003,0.001,0.001,0.006,0.012,0.054,0.001
0.001,0.002,0.003,0.001,0.001,0.006,0.012,0.054,0.001
0.001,0.002,0.003,0.001,0.001,0.006,0.012,0.054,0.001
0.001,0.002,0.003,0.001,0.001,0.001,0.012,0.054,0.001
0.001,0.002,0.003,0.001,0.001,0.001,0.012,0.054,0.001
0.001,0.002,0.003,0.001,0.001,0.001,0.012,0.054,0.001
0.001,0.002,0.003,0.001,0.001,0.001,0.012,0.054,0.001
0.001,0.002,0.003,0.001,0.001,0.001,0.012,0.054,0.001
0.001,0.002,0.003,0.001,0.001,0.001,0.012,0.054,0.001
0.001,0.002,0.003,0.001,0.001,0.001,0.012,0.054,0.001
0.001,0.002,0.003,0.001,0.001,0.001,0.012,0.054,0.001
0.001,0.002,0.003,0.001,0.001,0.001,0.012,0.054,0.001
0.001,0.002,0.003,0.001,0.001,0.001,0.012,0.054,0.001
0.001,0.002,0.003,0.001,0.001,0.001,0.008,0.054,0.001
0.001,0.002,0.003,0.001,0.001,0.001,0.008,0.054,0.001
0.001,0.002,0.003,0.001,0.001,0.001,0.008,0.054,0.001
0.001,0.002,0.003,0.001,0.001,0.001,0.008,0.054,0.001
0.001,0.002,0.003,0.001,0.001,0.001,0.008,0.054,0.001
0.001,0.002,0.003,0.001,0.001,0.001,0.004,0.054,0.001
0.001,0.002,0.003,0.001,0.001,0.001,0.004,0.054,0.001
0.001,0.002,0.003,0.001,0.001,0.001,0.004,0.054,0.001
0.001,0.002,0.003,0.001,0.001,0.001,0.004,0.054,0.001
0.001,0.002,0.001,0.001,0.001,0.001,0.004,0.054,0.001
0.001,0.002,0.001,0.001,0.001,0.001,0.004,0.054,0.001
0.001,0.002,0.001,0.001,0.001,0.001,0.004,0.054,0.001
0.001,0.002,0.001,0.001,0.001,0.001,0.004,0.054,0.001
0.001,0.002,0.001,0.001,0.001,0.001,0.004,0.054,0.001
0.001,0.002,0.001,0.001,0.001,0.001,0.004,0.054,0.001
0.001,0.002,0.001,0.001,0.001,0.001,0.004,0.054,0.001
0.001,0.002,0.001,0.001,0.001,0.001,0.004,0.054,0.001
0.001,0.002,0.001,0.001,0.001,0.001,0.004,0.054,0.001
0.001,0.002,0.001,0.001,0.001,0.001,0.004,0.054,0.001
0.001,0.002,0.001,0.001,0.001,0.001,0.004,0.054,0.001
0.001,0.002,0.001,0.001,0.001,0.001,0.004,0.054,0.001
0.001,0.002,0.001,0.001,0.001,0.001,0.004,0.054,0.001
0.001,0.002,0.001,0.001,0.001,0.001,0.004,0.054,0.001
0.001,0.002,0.001,0.001,0.001,0.001,0.004,0.054,0.001
0.001,0.002,0.001,0.001,0.001,0.001,0.004,0.054,0.001
0.001,0.002,0.001,0.001,0.001,0.001,0.004,0.054,0.001
0.001,0.002,0.001,0.001,0.001,0.001,0.004,0.054,0.001
0.001,0.002,0.001,0.001,0.001,0.001,0.004,0.054,0.001
0.001,0.002,0.001,0.001,0.001,0.001,0.004,0.054,0.001
0.001,0.002,0.001,0.001,0.001,0.001,0.004,0.054,0.001
0.001,0.002,0.001,0.001,0.001,0.001,0.004,0.054,0.001
0.001,0.002,0.001,0.001,0.001,0.001,0.004,0.054,0.001
0.001,0.002,0.001,0.001,0.001,0.001,0.004,0.054,0.001
0.001,0.002,0.001,0.001,0.001,0.001,0.004,0.054,0.001
0.001,0.002,0.001,0.001,0.001,0.001,0.004,0.054,0.001
0.001,0.002,0.001,0.001,0.001,0.001,0.004,0.051,0.001
0.001,0.002,0.001,0.001,0.001,0.001,0.004,0.051,0.001
0.001,0.002,0.001,0.001,0.001,0.001,0.004,0.051,0.001
0.001,0.001,0.001,0.001,0.001,0.001,0.004,0.051,0.001
0.001,0.001,0.001,0.001,0.001,0.001,0.004,0.051,0.001
0.001,0.001,0.001,0.001,0.001,0.001,0.004,0.051,0.001
0.001,0.001,0.001,0.001,0.001,0.001,0.004,0.051,0.001
0.001,0.001,0.001,0.001,0.001,0.001,0.004,0.051,0.001
0.001,0.001,0.001,0.001,0.001,0.001,0.004,0.051,0.001
0.001,0.001,0.001,0.001,0.001,0.001,0.004,0.051,0.001
0.001,0.001,0.001,0.001,0.001,0.001,0.004,0.051,0.001
0.001,0.001,0.001,0.001,0.001,0.001,0.004,0.051,0.001
0.001,0.001,0.001,0.001,0.001,0.001,0.004,0.05,0.001
0.001,0.001,0.001,0.001,0.001,0.001,0.004,0.05,0.001
0.001,0.001,0.001,0.001,0.001,0.001,0.004,0.05,0.001
0.001,0.001,0.001,0.001,0.001,0.001,0.004,0.05,0.001
0.001,0.001,0.001,0.001,0.001,0.001,0.004,0.05,0.001
0.001,0.001,0.001,0.001,0.001,0.001,0.004,0.05,0.001
0.001,0.001,0.001,0.001,0.001,0.001,0.004,0.05,0.001
0.001,0.001,0.001,0.001,0.001,0.001,0.004,0.03,0.001
0.001,0.001,0.001,0.001,0.001,0.001,0.001,0.03,0.001
0.001,0.001,0.001,0.001,0.001,0.001,0.001,0.03,0.001
0.001,0.001,0.001,0.001,0.001,0.001,0.001,0.029,0.001
0.001,0.001,0.001,0.001,0.001,0.001,0.001,0.029,0.001
0.001,0.001,0.001,0.001,0.001,0.001,0.001,0.029,0.001
0.001,0.001,0.001,0.001,0.001,0.001,0.001,0.029,0.001
0.001,0.001,0.001,0.001,0.001,0.001,0.001,0.009,0.001
0.001,0.001,0.001,0.001,0.001,0.001,0.001,0.009,0.001
0.001,0.001,0.001,0.001,0.001,0.001,0.001,0.009,0.001
0.001,0.001,0.001,0.001,0.001,0.001,0.001,0.009,0.001
0.001,0.001,0.001,0.001,0.001,0.001,0.001,0.009,0.001
0.001,0.001,0.001,0.001,0.001,0.001,0.001,0.009,0.001
0.001,0.001,0.001,0.001,0.001,0.001,0.001,0.009,0.001
0.001,0.001,0.001,0.001,0.001,0.001,0.001,0.009,0.001
0.001,0.001,0.001,0.001,0.001,0.001,0.001,0.009,0.001
0.001,0.001,0.001,0.001,0.001,0.001,0.001,0.009,0.001
0.001,0.001,0.001,0.001,0.001,0.001,0.001,0.009,0.001
0.001,0.001,0.001,0.001,0.001,0.001,0.001,0.009,0.001
0.001,0.001,0.001,0.001,0.001,0.001,0.001,0.009,0.001
0.001,0.001,0.001,0.001,0.001,0.001,0.001,0.009,0.001
0.001,0.001,0.001,0.001,0.001,0.001,0.001,0.009,0.001
0.001,0.001,0.001,0.001,0.001,0.001,0.001,0.009,0.001
0.001,0.001,0.001,0.001,0.001,0.001,0.001,0.009,0.001
0.001,0.001,0.001,0.001,0.001,0.001,0.001,0.009,0.001
0.001,0.001,0.001,0.001,0.001,0.001,0.001,0.009,0.001
0.001,0.001,0.001,0.001,0.001,0.001,0.001,0.009,0.001
0.001,0.001,0.001,0.001,0.001,0.001,0.001,0.009,0.001
0.001,0.001,0.001,0.001,0.001,0.001,0.001,0.009,0.001
0.001,0.001,0.001,0.001,0.001,0.001,0.001,0.009,0.001
0.001,0.001,0.001,0.001,0.001,0.001,0.001,0.009,0.001
0.001,0.001,0.001,0.001,0.001,0.001,0.001,0.009,0.001
0.001,0.001,0.001,0.001,0.001,0.001,0.001,0.009,0.001
0.001,0.001,0.001,0.001,0.001,0.001,0.001,0.009,0.001
0.001,0.001,0.001,0.001,0.001,0.001,0.001,0.009,0.001
0.001,0.001,0.001,0.001,0.001,0.001,0.001,0.009,0.001
0.001,0.001,0.001,0.001,0.001,0.001,0.001,0.009,0.001
0.001,0.001,0.001,0.001,0.001,0.001,0.001,0.009,0.001
0.001,0.001,0.001,0.001,0.001,0.001,0.001,0.009,0.001
0.001,0.001,0.001,0.001,0.001,0.001,0.001,0.009,0.001
0.001,0.001,0.001,0.001,0.001,0.001,0.001,0.009,0.001
0.001,0.001,0.001,0.001,0.001,0.001,0.001,0.009,0.001
0.001,0.001,0.001,0.001,0.001,0.001,0.001,0.009,0.001
0.001,0.001,0.001,0.001,0.001,0.001,0.001,0.009,0.001
0.001,0.001,0.001,0.001,0.001,0.001,0.001,0.008,0.001
0.001,0.001,0.001,0.001,0.001,0.001,0.001,0.007,0.001
0.001,0.001,0.001,0.001,0.001,0.001,0.001,0.006,0.001
0.001,0.001,0.001,0.001,0.001,0.001,0.001,0.005,0.001
0.001,0.001,0.001,0.001,0.001,0.001,0.001,0.005,0.001
0.001,0.001,0.001,0.001,0.001,0.001,0.001,0.005,0.001
0.001,0.001,0.001,0.001,0.001,0.001,0.001,0.005,0.001
0.001,0.001,0.001,0.001,0.001,0.001,0.001,0.005,0.001
0.001,0.001,0.001,0.001,0.001,0.001,0.001,0.005,0.001
0.001,0.001,0.001,0.001,0.001,0.001,0.001,0.005,0.001
0.001,0.001,0.001,0.001,0.001,0.001,0.001,0.005,0.001
0.001,0.001,0.001,0.001,0.001,0.001,0.001,0.002,0.001
0.001,0.001,0.001,0.001,0.001,0.001,0.001,0.002,0.001
0.001,0.001,0.001,0.001,0.001,0.001,0.001,0.002,0.001
0.001,0.001,0.001,0.001,0.001,0.001,0.001,0.002,0.001
0.001,0.001,0.001,0.001,0.001,0.001,0.001,0.002,0.001
0.001,0.001,0.001,0.001,0.001,0.001,0.001,0.002,0.001
0.001,0.001,0.001,0.001,0.001,0.001,0.001,0.001,0.001
0.001,0.001,0.001,0.001,0.001,0.001,0.001,0.001,0.001
0.001,0.001,0.001,0.001,0.001,0.001,0.001,0.001,0.001
0.001,0.001,0.001,0.001,0.001,0.001,0.001,0.001,0.001
0.001,0.001,0.001,0.001,0.001,0.001,0.001,0.001,0.001
0.001,0.001,0.001,0.001,0.001,0.001,0.001,0.001,0.001
0.001,0.001,0.001,0.001,0.001,0.001,0.001,0.001,0.001
0.001,0.001,0.001,0.001,0.001,0.001,0.001,0.001,0.001
0.001,0.001,0.001,0.001,0.001,0.001,0.001,0.001,0.001
0.001,0.001,0.001,0.001,0.001,0.001,0.001,0.001,0.001
0.001,0.001,0.001,0.001,0.001,0.001,0.001,0.001,0.001
0.001,0.001,0.001,0.001,0.001,0.001,0.001,0.001,0.001
0.001,0.001,0.001,0.001,0.001,0.001,0.001,0.001,0.001
0.001,0.001,0.001,0.001,0.001,0.001,0.001,0.001,0.001
0.001,0.001,0.001,0.001,0.001,0.001,0.001,0.001,0.001
0.001,0.001,0.001,0.001,0.001,0.001,0.001,0.001,0.001
0.001,0.001,0.001,0.001,0.001,0.001,0.001,0.001,0.001
0.001,0.001,0.001,0.001,0.001,0.001,0.001,0.001,0.001
0.001,0.001,0.001,0.001,0.001,0.001,0.001,0.001,0.001
0.001,0.001,0.001,0.001,0.001,0.001,0.001,0.001,0.001
0.001,0.001,0.001,0.001,0.001,0.001,0.001,0.001,0.001
0.001,0.001,0.001,0.001,0.001,0.001,0.001,0.001,0.001
0.001,0.001,0.001,0.001,0.001,0.001,0.001,0.001,0.001
0.001,0.001,0.001,0.001,0.001,0.001,0.001,0.001,0.001
0.001,0.001,0.001,0.001,0.001,0.001,0.001,0.001,0.001
0.001,0.001,0.001,0.001,0.001,0.001,0.001,0.001,0.001
0.001,0.001,0.001,0.001,0.001,0.001,0.001,0.001,0.001
0.001,0.001,0.001,0.001,0.001,0.001,0.001,0.001,0.001
0.001,0.001,0.001,0.001,0.001,0.001,0.001,0.001,0.001
0.001,0.001,0.001,0.001,0.001,0.001,0.001,0.001,0.001
0.001,0.001,0.001,0.001,0.001,0.001,0.001,0.001,0.001
0.001,0.001,0.001,0.001,0.001,0.001,0.001,0.001,0.001
0.001,0.001,0.001,0.001,0.001,0.001,0.001,0.001,0.001
0.001,0.001,0.001,0.001,0.001,0.001,0.001,0.001,0.001
0.001,0.001,0.001,0.001,0.001,0.001,0.001,0.001,0.001
0.001,0.001,0.001,0.001,0.001,0.001,0.001,0.001,0.001
0.001,0.001,0.001,0.001,0.001,0.001,0.001,0.001,0.001
0.001,0.001,0.001,0.001,0.001,0.001,0.001,0.001,0.001
0.001,0.001,0.001,0.001,0.001,0.001,0.001,0.001,0.001
0.001,0.001,0.001,0.001,0.001,0.001,0.001,0.001,0.001
0.001,0.001,0.001,0.001,0.001,0.001,0.001,0.001,0.001
0.001,0.001,0.001,0.001,0.001,0.001,0.001,0.001,0.001
0.001,0.001,0.001,0.001,0.001,0.001,0.001,0.001,0.001
0.001,0.001,0.001,0.001,0.001,0.001,0.001,0.001,0.001
0.001,0.001,0.001,0.001,0.001,0.001,0.001,0.001,0.001
0.001,0.001,0.001,0.001,0.001,0.001,0.001,0.001,0.001
0.001,0.001,0.001,0.001,0.001,0.001,0.001,0.001,0.001
0.001,0.001,0.001,0.001,0.001,0.001,0.001,0.001,0.001
0.001,0.001,0.001,0.001,0.001,0.001,0.001,0.001,0.001
0.001,0.001,0.001,0.001,0.001,0.001,0.001,0.001,0.001
0.001,0.001,0.001,0.001,0.001,0.001,0.001,0.001,0.001
0.001,0.001,0.001,0.001,0.001,0.001,0.001,0.001,0.001
0.001,0.001,0.001,0.001,0.001,0.001,0.001,0.001,0.001
0.001,0.001,0.001,0.001,0.001,0.001,0.001,0.001,0.001
0.001,0.001,0.001,0.001,0.001,0.001,0.001,0.001,0.001
0.001,0.001,0.001,0.001,0.001,0.001,0.001,0.001,0.001
0.001,0.001,0.001,0.001,0.001,0.001,0.001,0.001,0.001
0.001,0.001,0.001,0.001,0.001,0.001,0.001,0.001,0.001
0.001,0.001,0.001,0.001,0.001,0.001,0.001,0.001,0.001
0.001,0.001,0.001,0.001,0.001,0.001,0.001,0.001,0.001
0.001,0.001,0.001,0.001,0.001,0.001,0.001,0.001,0.001
0.001,0.001,0.001,0.001,0.001,0.001,0.001,0.001,0.001
0.001,0.001,0.001,0.001,0.001,0.001,0.001,0.001,0.001
0.001,0.001,0.001,0.001,0.001,0.001,0.001,0.001,0.001
0.001,0.001,0.001,0.001,0.001,0.001,0.001,0.001,0.001
0.001,0.001,0.001,0.001,0.001,0.001,0.001,0.001,0.001
0.001,0.001,0.001,0.001,0.001,0.001,0.001,0.001,0.001
0.001,0.001,0.001,0.001,0.001,0.001,0.001,0.001,0.001
0.001,0.001,0.001,0.001,0.001,0.001,0.001,0.001,0.001
0.001,0.001,0.001,0.001,0.001,0.001,0.001,0.001,0.001
0.001,0.001,0.001,0.001,0.001,0.001,0.001,0.001,0.001
0.001,0.001,0.001,0.001,0.001,0.001,0.001,0.001,0.001
0.001,0.001,0.001,0.001,0.001,0.001,0.001,0.001,0.001
0.001,0.001,0.001,0.001,0.001,0.001,0.001,0.001,0.001
0.001,0.001,0.001,0.001,0.001,0.001,0.001,0.001,0.001
0.001,0.001,0.001,0.001,0.001,0.001,0.001,0.001,0.001
0.001,0.001,0.001,0.001,0.001,0.001,0.001,0.001,0.001
0.001,0.001,0.001,0.001,0.001,0.001,0.001,0.001,0.001
0.001,0.001,0.001,0.001,0.001,0.001,0.001,0.001,0.001
0.001,0.001,0.001,0.001,0.001,0.001,0.001,0.001,0.001
0.001,0.001,0.001,0.001,0.001,0.001,0.001,0.001,0.001
